q_id,cord_id
0,dhszlrmo
0,bwiyp73e
0,x1gces56
0,6u623i0w
0,jkjyh4cs
0,3xb4lumz
0,2una9767
0,gs7j6fxo
0,o4njvi62
0,8t35z4gl
0,5t38x587
0,0rbgbsj8
0,hrbeh0me
0,5xki1ulf
0,7l91ktd8
0,zdv0ilti
0,ds5mauer
0,a8vwwpas
0,us7cv8ly
0,zkz8e1vd
0,fuqtwn5a
0,1sbj2wzd
0,7wirya95
0,uo7fb10k
0,misprnq8
0,1mpzjgk1
0,ajbypz7g
0,hsowmxan
0,eu3rry7p
0,f03san07
0,tnfgbl05
0,fzd4o4xd
0,8pny06oc
0,ix4zo0ha
0,81wv1s33
0,m6y8p3zd
0,gy8d8285
0,4j3fdjlg
0,4ncgdam4
0,8nl1gywe
0,sdtxi8xw
0,s19pa1z1
0,ztcyvsoi
0,vb5qxq3u
0,5cbiytsu
0,00s3wgem
0,jempqbk6
0,xpobtz3h
0,mvsnybbo
0,z0m6uuzf
1,dhszlrmo
1,bwiyp73e
1,x1gces56
1,6u623i0w
1,jkjyh4cs
1,3xb4lumz
1,2una9767
1,gs7j6fxo
1,o4njvi62
1,8t35z4gl
1,5t38x587
1,0rbgbsj8
1,dr5s2wyu
1,hrbeh0me
1,5xki1ulf
1,7l91ktd8
1,zdv0ilti
1,nlubwytj
1,a8vwwpas
1,us7cv8ly
1,zkz8e1vd
1,lu415jcp
1,fuqtwn5a
1,1sbj2wzd
1,7wirya95
1,lsvhzl6d
1,b3cqczpt
1,uo7fb10k
1,44uqjms4
1,1mpzjgk1
1,qvupx866
1,ajbypz7g
1,54auaa78
1,ua3yp5an
1,eu3rry7p
1,lgcmamfb
1,tnfgbl05
1,fzd4o4xd
1,8pny06oc
1,ix4zo0ha
1,tiz12unx
1,5g0almil
1,kkhb2go8
1,m6y8p3zd
1,60509txd
1,4j3fdjlg
1,4ncgdam4
1,8nl1gywe
1,kftchnhz
1,s19pa1z1
2,dhszlrmo
2,bwiyp73e
2,x1gces56
2,6kr2uwlq
2,oclvbviv
2,3pvstiz6
2,6u623i0w
2,jkjyh4cs
2,3xb4lumz
2,2una9767
2,gs7j6fxo
2,o4njvi62
2,8t35z4gl
2,5t38x587
2,86ia5esh
2,0rbgbsj8
2,hrbeh0me
2,5xki1ulf
2,7l91ktd8
2,zdv0ilti
2,a8vwwpas
2,us7cv8ly
2,zkz8e1vd
2,gq8pusi3
2,fuqtwn5a
2,1sbj2wzd
2,7wirya95
2,qjezak5y
2,uo7fb10k
2,c218cycl
2,1mpzjgk1
2,ajbypz7g
2,eu3rry7p
2,tnfgbl05
2,fzd4o4xd
2,8pny06oc
2,ix4zo0ha
2,e7vwyv2a
2,m6y8p3zd
2,atvxv0qb
2,tkqxb1ql
2,4j3fdjlg
2,4ncgdam4
2,8nl1gywe
2,findut3c
2,s19pa1z1
2,ztcyvsoi
2,vb5qxq3u
2,5cbiytsu
2,00s3wgem
3,shv4w74z
3,dhszlrmo
3,bwiyp73e
3,x1gces56
3,4ddljc1t
3,yahf2o7k
3,6u623i0w
3,jkjyh4cs
3,3xb4lumz
3,yp4o3crk
3,enamco67
3,3xkao4oj
3,1lj4enzb
3,2una9767
3,gs7j6fxo
3,o4njvi62
3,8t35z4gl
3,5t38x587
3,w1la7snn
3,aieqh4oj
3,h6z3w9hw
3,vvwd7om1
3,na23tv0y
3,5okgevo2
3,1od4i3gc
3,3tlp38yr
3,iomao9a7
3,7hkowm2y
3,0rbgbsj8
3,h2if4koj
3,3zxvljfz
3,yvf9qttl
3,1d95mz2f
3,hrbeh0me
3,5xki1ulf
3,j24hphoi
3,znkj2zzm
3,7l91ktd8
3,fn4vtjq2
3,zdv0ilti
3,cgj3vgy3
3,ux9a6wrh
3,vte4wnjf
3,mksutjae
3,58l59lbu
3,g1ve8zld
3,a8vwwpas
3,us7cv8ly
3,zkz8e1vd
3,lo8k2prl
4,bzvdkxu9
4,3xb4lumz
4,7hqn997j
4,gs7j6fxo
4,o4njvi62
4,8t35z4gl
4,5t38x587
4,e3bg0igx
4,0rbgbsj8
4,tj4deqfw
4,zbpvqsqb
4,iuf95x84
4,7y2jd6jj
4,ieobv7q8
4,agnmfkoq
4,gzao2fo6
4,lmoekp1m
4,rovmpj0v
4,6tsvv3tv
4,xxgog3hm
4,q8l3ra55
4,6gljl7n5
4,28lmzw9u
4,yk9u4fvp
4,c83fs5ih
4,x4uadmok
4,imbuy8gc
4,dyuw4kbm
4,k05cdqlw
4,9db9dpvd
4,95fty9yi
4,riem28zd
4,6oxj7ok3
4,ll9x8okq
4,x11t9pbv
4,fwqdx224
4,m6y8p3zd
4,kp70peo4
4,4j3fdjlg
4,1fpsit09
4,8nl1gywe
4,y3joi01a
4,xyq7iq9j
4,msmc0yd2
4,2r4uty9g
4,m9hxq85l
4,5jtd5ytz
4,ajbypz7g
4,iatp5093
4,8na0nn5s
5,6u623i0w
5,dhszlrmo
5,bwiyp73e
5,x1gces56
5,7vhcf929
5,9wadja0w
5,jkjyh4cs
5,3xb4lumz
5,pbr93xkb
5,2una9767
5,gs7j6fxo
5,o4njvi62
5,8t35z4gl
5,5t38x587
5,4gaa14ly
5,5gnbrnt4
5,0rbgbsj8
5,6rrs2qsq
5,6f8vyziv
5,ra7o6ypy
5,x7xqli3g
5,hrbeh0me
5,5xki1ulf
5,n5du3bqt
5,o1alklje
5,7l91ktd8
5,zdv0ilti
5,do4unt7v
5,a8vwwpas
5,us7cv8ly
5,zkz8e1vd
5,1j15mfio
5,k1u1idlt
5,j061ywrl
5,fuqtwn5a
5,1sbj2wzd
5,7wirya95
5,5jeku9j1
5,iwc1wdew
5,arnuoufn
5,1f3r80r5
5,ze9fl3se
5,bqbj660w
5,m92zffz9
5,vbibyj32
5,2jbw4spu
5,qbnvi2fi
5,uo7fb10k
5,lm2ixz8n
5,me6gqc9c
6,dhszlrmo
6,bwiyp73e
6,x1gces56
6,ze9fl3se
6,6u623i0w
6,jkjyh4cs
6,3xb4lumz
6,2una9767
6,gs7j6fxo
6,o4njvi62
6,8t35z4gl
6,5t38x587
6,0rbgbsj8
6,zea51el3
6,bah2ege0
6,hrbeh0me
6,5xki1ulf
6,o1alklje
6,7l91ktd8
6,zdv0ilti
6,do4unt7v
6,a8vwwpas
6,us7cv8ly
6,zkz8e1vd
6,k1u1idlt
6,j061ywrl
6,fuqtwn5a
6,1sbj2wzd
6,7wirya95
6,621qzpqd
6,uo7fb10k
6,1mpzjgk1
6,ajbypz7g
6,eu3rry7p
6,4jrocscd
6,tnfgbl05
6,fzd4o4xd
6,8pny06oc
6,ix4zo0ha
6,nm2bq717
6,tg37se4l
6,m6y8p3zd
6,4j3fdjlg
6,4ncgdam4
6,8nl1gywe
6,vijh6x1l
6,d6y5s6ib
6,2sxpqp6l
6,y4h0upd5
6,hxial3gi
7,dhszlrmo
7,bwiyp73e
7,x1gces56
7,6u623i0w
7,jkjyh4cs
7,3xb4lumz
7,5gnbrnt4
7,2una9767
7,gs7j6fxo
7,o4njvi62
7,8t35z4gl
7,5t38x587
7,0rbgbsj8
7,hrbeh0me
7,5xki1ulf
7,6fkvmk6f
7,7l91ktd8
7,zdv0ilti
7,a8vwwpas
7,us7cv8ly
7,zkz8e1vd
7,83f0ruku
7,9in8l1f7
7,fuqtwn5a
7,1sbj2wzd
7,7wirya95
7,uo7fb10k
7,8bzu3jiu
7,1mpzjgk1
7,ajbypz7g
7,eu3rry7p
7,tnfgbl05
7,fzd4o4xd
7,8pny06oc
7,ix4zo0ha
7,gkd1h8yi
7,xodngfj6
7,m6y8p3zd
7,4j3fdjlg
7,4ncgdam4
7,8nl1gywe
7,s19pa1z1
7,ztcyvsoi
7,vb5qxq3u
7,5cbiytsu
7,00s3wgem
7,92rz2byz
7,mvsnybbo
7,z0m6uuzf
7,9tgnx7du
8,jmzjfwxi
8,dhszlrmo
8,bwiyp73e
8,x1gces56
8,p63qlcnx
8,6u623i0w
8,jkjyh4cs
8,3xb4lumz
8,2una9767
8,gs7j6fxo
8,o4njvi62
8,8t35z4gl
8,5t38x587
8,0rbgbsj8
8,hrbeh0me
8,5xki1ulf
8,7l91ktd8
8,zdv0ilti
8,a8vwwpas
8,us7cv8ly
8,zkz8e1vd
8,jtj12571
8,adf5ttfd
8,fuqtwn5a
8,1sbj2wzd
8,7wirya95
8,6mxxh6ha
8,uo7fb10k
8,1mpzjgk1
8,ajbypz7g
8,eu3rry7p
8,7bewt5q1
8,tnfgbl05
8,fzd4o4xd
8,8pny06oc
8,ix4zo0ha
8,m6y8p3zd
8,4j3fdjlg
8,4ncgdam4
8,8nl1gywe
8,y9pjgkj1
8,s19pa1z1
8,ztcyvsoi
8,vb5qxq3u
8,5cbiytsu
8,00s3wgem
8,i48notp6
8,mvsnybbo
8,z0m6uuzf
8,9tgnx7du
9,dhszlrmo
9,5qa2z9jj
9,bwiyp73e
9,x1gces56
9,kweh1doo
9,6u623i0w
9,jkjyh4cs
9,3xb4lumz
9,ls408b2b
9,xthtmpar
9,gl9w3t2i
9,l6guql8q
9,2una9767
9,gs7j6fxo
9,o4njvi62
9,8t35z4gl
9,5t38x587
9,mp9g41ai
9,d4dnz2lk
9,0rbgbsj8
9,jdfsacds
9,9bi6pobg
9,6sybvdjj
9,8w6vhw81
9,c2vdnml7
9,hrbeh0me
9,5xki1ulf
9,qjf23a7e
9,7l91ktd8
9,zdv0ilti
9,9a131e0i
9,a8vwwpas
9,us7cv8ly
9,zkz8e1vd
9,k208rpth
9,pvb5c4ih
9,jdy0os21
9,rzh7ja6a
9,eyi5609q
9,7x1mqqmf
9,apjwnwky
9,1i5arpf8
9,all7ocnd
9,u56ydlve
9,qm2qvcwk
9,fuqtwn5a
9,1sbj2wzd
9,7wirya95
9,q5xc4m3j
9,32hjzdum
10,dhszlrmo
10,bwiyp73e
10,x1gces56
10,6u623i0w
10,jkjyh4cs
10,3xb4lumz
10,5jpvjl46
10,2una9767
10,gs7j6fxo
10,o4njvi62
10,8t35z4gl
10,5t38x587
10,0rbgbsj8
10,8789ibcp
10,qmg3hmro
10,hrbeh0me
10,5xki1ulf
10,7l91ktd8
10,zdv0ilti
10,95fty9yi
10,4523cwwi
10,a8vwwpas
10,us7cv8ly
10,zkz8e1vd
10,8a49f9hl
10,fuqtwn5a
10,1sbj2wzd
10,7wirya95
10,uo7fb10k
10,3n7f5c0t
10,1mpzjgk1
10,ajbypz7g
10,eu3rry7p
10,bxzprauu
10,tnfgbl05
10,fzd4o4xd
10,8pny06oc
10,ix4zo0ha
10,b04lq3b2
10,nc3dsdnq
10,4bltio08
10,lz775vn5
10,4pijm4fy
10,2sxpqp6l
10,m6y8p3zd
10,z01modgg
10,4j3fdjlg
10,4ncgdam4
10,8nl1gywe
10,d7y7s4lo
11,dhszlrmo
11,bwiyp73e
11,x1gces56
11,q03884i9
11,6u623i0w
11,jkjyh4cs
11,3xb4lumz
11,2una9767
11,gs7j6fxo
11,o4njvi62
11,8t35z4gl
11,5t38x587
11,0rbgbsj8
11,hrbeh0me
11,5xki1ulf
11,7l91ktd8
11,zdv0ilti
11,a8vwwpas
11,us7cv8ly
11,zkz8e1vd
11,dcx6cv2q
11,qp13h0un
11,fuqtwn5a
11,1sbj2wzd
11,7wirya95
11,r044iimd
11,n0vmb946
11,mbdj3r0m
11,venpta28
11,zrx8l9d7
11,uo7fb10k
11,1mpzjgk1
11,ajbypz7g
11,47goscew
11,eu3rry7p
11,tnfgbl05
11,fzd4o4xd
11,8pny06oc
11,ix4zo0ha
11,4qrssc82
11,m6y8p3zd
11,c2vdnml7
11,u1c20tb3
11,4j3fdjlg
11,4ncgdam4
11,8nl1gywe
11,qejmwvst
11,sy4kiirg
11,1klftvzo
11,zrhwhyaj
12,6u623i0w
12,dhszlrmo
12,bwiyp73e
12,x1gces56
12,zdv0ilti
12,jkjyh4cs
12,3xb4lumz
12,2una9767
12,gs7j6fxo
12,o4njvi62
12,8t35z4gl
12,5t38x587
12,5gnbrnt4
12,s19pa1z1
12,ztcyvsoi
12,ieobv7q8
12,a89300pd
12,0rbgbsj8
12,9tgnx7du
12,28lmzw9u
12,hrbeh0me
12,5xki1ulf
12,7l91ktd8
12,a8vwwpas
12,us7cv8ly
12,zkz8e1vd
12,od97az43
12,2qmlg9qn
12,5jk3u9b8
12,7x77e4m5
12,fuqtwn5a
12,1sbj2wzd
12,7wirya95
12,befehafo
12,ywia2ok7
12,fj8nhgyl
12,3wdquuzy
12,uo7fb10k
12,49dkucxd
12,1mpzjgk1
12,ajbypz7g
12,w9hq4kj0
12,eu3rry7p
12,lm2ixz8n
12,tnfgbl05
12,fzd4o4xd
12,8pny06oc
12,ix4zo0ha
12,royt8bo6
12,2j9pwy3l
13,dhszlrmo
13,bwiyp73e
13,x1gces56
13,6u623i0w
13,jkjyh4cs
13,3xb4lumz
13,2una9767
13,gs7j6fxo
13,o4njvi62
13,8t35z4gl
13,5t38x587
13,0rbgbsj8
13,hrbeh0me
13,5xki1ulf
13,414grqif
13,7l91ktd8
13,d91t5o01
13,zdv0ilti
13,8yi1mpri
13,a8vwwpas
13,us7cv8ly
13,zkz8e1vd
13,bnh65bqg
13,fuqtwn5a
13,1sbj2wzd
13,7wirya95
13,v5egtgdo
13,uo7fb10k
13,1mpzjgk1
13,ajbypz7g
13,eu3rry7p
13,tnfgbl05
13,fzd4o4xd
13,8pny06oc
13,ix4zo0ha
13,3ruxk6u2
13,a95hh4yk
13,2wc1bxi1
13,av8ww9fd
13,m6y8p3zd
13,mz5gdb59
13,4j3fdjlg
13,4ncgdam4
13,8nl1gywe
13,px0twvhs
13,ixpt6jnr
13,s19pa1z1
13,ztcyvsoi
13,vb5qxq3u
13,5cbiytsu
14,dhszlrmo
14,bwiyp73e
14,x1gces56
14,6u623i0w
14,jkjyh4cs
14,3xb4lumz
14,f5ewl2vc
14,2una9767
14,gs7j6fxo
14,o4njvi62
14,8t35z4gl
14,5t38x587
14,huesjfq6
14,0rbgbsj8
14,hrbeh0me
14,5xki1ulf
14,7l91ktd8
14,zdv0ilti
14,901z3uc0
14,a8vwwpas
14,us7cv8ly
14,zkz8e1vd
14,a63g5qeo
14,zjab7o2o
14,lvjveaob
14,fuqtwn5a
14,1sbj2wzd
14,7wirya95
14,uo7fb10k
14,1mpzjgk1
14,ajbypz7g
14,eu3rry7p
14,tnfgbl05
14,fzd4o4xd
14,8pny06oc
14,ix4zo0ha
14,4od8qt36
14,wtmjt3hf
14,m6y8p3zd
14,r4argyel
14,4j3fdjlg
14,4ncgdam4
14,8nl1gywe
14,69nnyq8p
14,j0ufth5d
14,s19pa1z1
14,ztcyvsoi
14,xc8hafhc
14,vb5qxq3u
14,5cbiytsu
15,bbtaxlpn
15,dhszlrmo
15,bwiyp73e
15,x1gces56
15,6u623i0w
15,jkjyh4cs
15,3xb4lumz
15,2una9767
15,gs7j6fxo
15,o4njvi62
15,8t35z4gl
15,5t38x587
15,0rbgbsj8
15,jqlrgv47
15,hrbeh0me
15,5xki1ulf
15,7l91ktd8
15,zdv0ilti
15,a8vwwpas
15,us7cv8ly
15,zkz8e1vd
15,erl8jftp
15,fuqtwn5a
15,1sbj2wzd
15,7wirya95
15,3caevjvh
15,uo7fb10k
15,2ixbqlb0
15,1mpzjgk1
15,fpckqvr5
15,zxn7psir
15,ajbypz7g
15,eu3rry7p
15,w375nabi
15,8qauo907
15,tnfgbl05
15,fzd4o4xd
15,8pny06oc
15,ix4zo0ha
15,1oqm5u7q
15,b62i3m8u
15,m6y8p3zd
15,q5egb5nz
15,4j3fdjlg
15,4ncgdam4
15,8nl1gywe
15,6kkqoh7f
15,6lsvjfqb
15,s19pa1z1
15,ztcyvsoi
16,dhszlrmo
16,5a8yb708
16,bwiyp73e
16,x1gces56
16,fk2wc715
16,6u623i0w
16,jkjyh4cs
16,3xb4lumz
16,2una9767
16,gs7j6fxo
16,o4njvi62
16,8t35z4gl
16,5t38x587
16,0rbgbsj8
16,8nl1gywe
16,d82sj80v
16,l8vkzbh0
16,ceab6yjj
16,hrbeh0me
16,5xki1ulf
16,kptkmgdm
16,mvsnybbo
16,y4yil922
16,7l91ktd8
16,zdv0ilti
16,4u2h78aa
16,a8vwwpas
16,us7cv8ly
16,zkz8e1vd
16,ozgmbfm6
16,gc32tz2x
16,fuqtwn5a
16,1sbj2wzd
16,7wirya95
16,ra7o6ypy
16,x00c3eex
16,uo7fb10k
16,vltw590b
16,lsvhzl6d
16,rpwccvqi
16,1mpzjgk1
16,ajbypz7g
16,eu3rry7p
16,tkvgzbuk
16,xp6mqbcx
16,uyze6dtu
16,tnfgbl05
16,fzd4o4xd
16,8pny06oc
16,ix4zo0ha
17,dhszlrmo
17,me04brw1
17,bwiyp73e
17,x1gces56
17,6u623i0w
17,jkjyh4cs
17,3xb4lumz
17,2una9767
17,gs7j6fxo
17,o4njvi62
17,8t35z4gl
17,5t38x587
17,0rbgbsj8
17,1ok0k174
17,z68tl88x
17,hrbeh0me
17,5xki1ulf
17,7l91ktd8
17,z86g8dzs
17,zdv0ilti
17,a8vwwpas
17,us7cv8ly
17,zkz8e1vd
17,tvlezcs8
17,q5egb5nz
17,r66eulqj
17,c78vokcc
17,fuqtwn5a
17,1sbj2wzd
17,7wirya95
17,i6hut28h
17,befehafo
17,93whg9zx
17,uo7fb10k
17,j69s6rei
17,p8185frw
17,lwt83ts2
17,1mpzjgk1
17,hq0owf31
17,ajbypz7g
17,9jnixy2b
17,eu3rry7p
17,w2c01295
17,tnfgbl05
17,fzd4o4xd
17,8pny06oc
17,ix4zo0ha
17,9nrucfw1
17,m6y8p3zd
17,wt6lf30s
18,dhszlrmo
18,bwiyp73e
18,x1gces56
18,6u623i0w
18,jkjyh4cs
18,3xb4lumz
18,08dk0ur6
18,2una9767
18,gs7j6fxo
18,o4njvi62
18,8t35z4gl
18,5t38x587
18,0rbgbsj8
18,c5l2r3kj
18,hrbeh0me
18,5xki1ulf
18,7l91ktd8
18,zdv0ilti
18,br0oxhc3
18,a8vwwpas
18,us7cv8ly
18,zkz8e1vd
18,a5ni1s9e
18,fuqtwn5a
18,1sbj2wzd
18,7wirya95
18,uo7fb10k
18,1mpzjgk1
18,gjy7ydqu
18,ajbypz7g
18,jd764wk4
18,eu3rry7p
18,mcmazu1v
18,v82oezkq
18,tnfgbl05
18,fzd4o4xd
18,8pny06oc
18,ix4zo0ha
18,m6y8p3zd
18,4j3fdjlg
18,4ncgdam4
18,8nl1gywe
18,z59ae5d6
18,s19pa1z1
18,ztcyvsoi
18,31srtult
18,vb5qxq3u
18,5cbiytsu
18,00s3wgem
18,qcwvsxgn
19,dhszlrmo
19,bwiyp73e
19,x1gces56
19,gic43uwz
19,6u623i0w
19,jkjyh4cs
19,3xb4lumz
19,g0dudzi2
19,zutavvrf
19,2una9767
19,gs7j6fxo
19,o4njvi62
19,8t35z4gl
19,5t38x587
19,0rbgbsj8
19,hrbeh0me
19,5xki1ulf
19,7l91ktd8
19,zdv0ilti
19,60wcvkbn
19,a8vwwpas
19,us7cv8ly
19,zkz8e1vd
19,fuqtwn5a
19,1sbj2wzd
19,7wirya95
19,hui5jaiu
19,x8xntne7
19,59pnm4fn
19,uo7fb10k
19,1mpzjgk1
19,ajbypz7g
19,eu3rry7p
19,fm01bijc
19,e357zmsj
19,tnfgbl05
19,fzd4o4xd
19,8pny06oc
19,ix4zo0ha
19,5gebhq8i
19,m6y8p3zd
19,8n4dlkjo
19,4j3fdjlg
19,4ncgdam4
19,8nl1gywe
19,3446eyi3
19,t4w4pw12
19,6xlb7bfa
19,s19pa1z1
19,ztcyvsoi
20,dhszlrmo
20,bwiyp73e
20,x1gces56
20,6u623i0w
20,jkjyh4cs
20,3xb4lumz
20,2una9767
20,gs7j6fxo
20,o4njvi62
20,8t35z4gl
20,5t38x587
20,0rbgbsj8
20,6gljl7n5
20,hrbeh0me
20,5xki1ulf
20,7l91ktd8
20,zdv0ilti
20,ta1i0ata
20,8guapzke
20,a8vwwpas
20,us7cv8ly
20,zkz8e1vd
20,fiptvdat
20,fuqtwn5a
20,1sbj2wzd
20,7wirya95
20,cqesmvk9
20,2r4uty9g
20,fvkr77sf
20,z8n220wv
20,uo7fb10k
20,1mpzjgk1
20,ajbypz7g
20,eu3rry7p
20,tnfgbl05
20,fzd4o4xd
20,8pny06oc
20,ix4zo0ha
20,m6y8p3zd
20,rsfpwyen
20,4j3fdjlg
20,4ncgdam4
20,8nl1gywe
20,6a42tg1t
20,bl5d4xkc
20,s19pa1z1
20,ztcyvsoi
20,vm924mxo
20,vb5qxq3u
20,5cbiytsu
21,dhszlrmo
21,5qa2z9jj
21,bwiyp73e
21,x1gces56
21,tzuyo6tx
21,6u623i0w
21,jkjyh4cs
21,3xb4lumz
21,2una9767
21,gs7j6fxo
21,o4njvi62
21,8t35z4gl
21,5t38x587
21,0rbgbsj8
21,hrbeh0me
21,5xki1ulf
21,7l91ktd8
21,zdv0ilti
21,a8vwwpas
21,us7cv8ly
21,zkz8e1vd
21,7x1mqqmf
21,so5zqcph
21,fuqtwn5a
21,1sbj2wzd
21,7wirya95
21,at8ad5mo
21,845w9r6l
21,uo7fb10k
21,1mpzjgk1
21,ajbypz7g
21,eu3rry7p
21,bxzprauu
21,tnfgbl05
21,fzd4o4xd
21,8pny06oc
21,ix4zo0ha
21,g9hnvvl6
21,7ujk7wgb
21,8p311gkk
21,m6y8p3zd
21,czu0bga0
21,4j3fdjlg
21,4ncgdam4
21,8nl1gywe
21,wogw2q0c
21,6lngz7y1
21,s19pa1z1
21,ztcyvsoi
21,vb5qxq3u
22,dhszlrmo
22,bwiyp73e
22,x1gces56
22,6u623i0w
22,jkjyh4cs
22,3xb4lumz
22,2una9767
22,gs7j6fxo
22,o4njvi62
22,8t35z4gl
22,5t38x587
22,0rbgbsj8
22,osaycpe8
22,qctii42h
22,hrbeh0me
22,5xki1ulf
22,7l91ktd8
22,zdv0ilti
22,a8vwwpas
22,us7cv8ly
22,zkz8e1vd
22,b5fcrapo
22,puu8wib8
22,fuqtwn5a
22,1sbj2wzd
22,7wirya95
22,njkh20sv
22,uo7fb10k
22,4t6x32cz
22,1mpzjgk1
22,ajbypz7g
22,eu3rry7p
22,tnfgbl05
22,fzd4o4xd
22,8pny06oc
22,ix4zo0ha
22,m6y8p3zd
22,4j3fdjlg
22,4ncgdam4
22,8nl1gywe
22,s19pa1z1
22,ztcyvsoi
22,vb5qxq3u
22,5cbiytsu
22,00s3wgem
22,mvsnybbo
22,z0m6uuzf
22,60wcvkbn
22,9tgnx7du
22,61cwycg6
23,dhszlrmo
23,bwiyp73e
23,x1gces56
23,6u623i0w
23,jkjyh4cs
23,3xb4lumz
23,p5orjg14
23,2una9767
23,gs7j6fxo
23,o4njvi62
23,8t35z4gl
23,5t38x587
23,0rbgbsj8
23,hrbeh0me
23,5xki1ulf
23,bs8p50ig
23,7l91ktd8
23,zdv0ilti
23,a8vwwpas
23,us7cv8ly
23,zkz8e1vd
23,fuqtwn5a
23,1sbj2wzd
23,7wirya95
23,puu8wib8
23,njkh20sv
23,u4di2tk7
23,uo7fb10k
23,1mpzjgk1
23,ajbypz7g
23,eu3rry7p
23,y0svo5ka
23,tnfgbl05
23,fzd4o4xd
23,8pny06oc
23,ix4zo0ha
23,m6y8p3zd
23,4j3fdjlg
23,4ncgdam4
23,8nl1gywe
23,3meiks6o
23,61t4e1eg
23,118x15od
23,s19pa1z1
23,ztcyvsoi
23,vs32no7a
23,vb5qxq3u
23,5cbiytsu
23,00s3wgem
23,5ttmy2nj
24,dhszlrmo
24,bwiyp73e
24,x1gces56
24,6u623i0w
24,jkjyh4cs
24,3xb4lumz
24,2una9767
24,gs7j6fxo
24,o4njvi62
24,8t35z4gl
24,5t38x587
24,0rbgbsj8
24,hrbeh0me
24,5xki1ulf
24,7l91ktd8
24,zdv0ilti
24,a8vwwpas
24,us7cv8ly
24,zkz8e1vd
24,3d0tmydv
24,fuqtwn5a
24,1sbj2wzd
24,7wirya95
24,uo7fb10k
24,1mpzjgk1
24,ajbypz7g
24,eu3rry7p
24,nyyrtget
24,tnfgbl05
24,fzd4o4xd
24,8pny06oc
24,ix4zo0ha
24,m6y8p3zd
24,4j3fdjlg
24,4ncgdam4
24,8nl1gywe
24,phq1g2mm
24,s19pa1z1
24,ztcyvsoi
24,vb5qxq3u
24,5cbiytsu
24,00s3wgem
24,biu5zxd1
24,mvsnybbo
24,z0m6uuzf
24,9tgnx7du
24,464qi674
24,5gnbrnt4
24,fk2wc715
24,r8mn4lzv
25,dhszlrmo
25,bwiyp73e
25,x1gces56
25,6u623i0w
25,jkjyh4cs
25,3xb4lumz
25,aqsfi30i
25,6y21p3n6
25,2una9767
25,gs7j6fxo
25,o4njvi62
25,8t35z4gl
25,5t38x587
25,0rbgbsj8
25,4gaa14ly
25,hrbeh0me
25,5xki1ulf
25,7l91ktd8
25,zdv0ilti
25,a8vwwpas
25,us7cv8ly
25,zkz8e1vd
25,fuqtwn5a
25,1sbj2wzd
25,7wirya95
25,fj8nhgyl
25,k7q5evtj
25,h8e2g5et
25,ljzsg9up
25,c0eojsvd
25,jxqidbr2
25,uo7fb10k
25,1mpzjgk1
25,ajbypz7g
25,btp9dldg
25,eu3rry7p
25,j40zj4al
25,jh04b55m
25,tnfgbl05
25,fzd4o4xd
25,8pny06oc
25,ix4zo0ha
25,srji9h7w
25,qjr276pv
25,7ujk7wgb
25,m6y8p3zd
25,svgguadm
25,4j3fdjlg
25,4ncgdam4
25,8nl1gywe
26,dhszlrmo
26,bwiyp73e
26,x1gces56
26,6u623i0w
26,jkjyh4cs
26,3xb4lumz
26,2una9767
26,gs7j6fxo
26,o4njvi62
26,8t35z4gl
26,5t38x587
26,d7m0s10o
26,0rbgbsj8
26,tiz12unx
26,nlzdto1h
26,hrbeh0me
26,5xki1ulf
26,7l91ktd8
26,zdv0ilti
26,a8vwwpas
26,us7cv8ly
26,zkz8e1vd
26,tpltmho1
26,fuqtwn5a
26,1sbj2wzd
26,7wirya95
26,qwngx01h
26,uo7fb10k
26,1mpzjgk1
26,ajbypz7g
26,eu3rry7p
26,pvb5c4ih
26,jdy0os21
26,r2os3kn9
26,hd4qul4t
26,tnfgbl05
26,fzd4o4xd
26,8pny06oc
26,ix4zo0ha
26,pxfwe67t
26,d0fonyex
26,wxvy01cg
26,m6y8p3zd
26,zbzrxuoh
26,xcu80tcp
26,wivzfv6t
26,4j3fdjlg
26,4ncgdam4
26,8nl1gywe
26,9d5g5xaw
27,dhszlrmo
27,njq5pc58
27,bwiyp73e
27,x1gces56
27,6u623i0w
27,jkjyh4cs
27,3xb4lumz
27,2una9767
27,gs7j6fxo
27,o4njvi62
27,8t35z4gl
27,5t38x587
27,ulkty104
27,0rbgbsj8
27,hrbeh0me
27,5xki1ulf
27,9jnixy2b
27,7l91ktd8
27,zdv0ilti
27,a8vwwpas
27,us7cv8ly
27,zkz8e1vd
27,fuqtwn5a
27,1sbj2wzd
27,7wirya95
27,gkes9a16
27,4ifdy2eh
27,uo7fb10k
27,n47jui5f
27,1mpzjgk1
27,fhy2z49t
27,ajbypz7g
27,eu3rry7p
27,ikr6eeov
27,tnfgbl05
27,fzd4o4xd
27,8pny06oc
27,ix4zo0ha
27,m6y8p3zd
27,fxqseibh
27,qe56u93a
27,4j3fdjlg
27,4ncgdam4
27,8nl1gywe
27,tkqmu1va
27,wmpjfc02
27,0ux66xsj
27,s19pa1z1
27,ztcyvsoi
27,cpq3fyzn
28,dhszlrmo
28,bbtaxlpn
28,bwiyp73e
28,x1gces56
28,6u623i0w
28,jkjyh4cs
28,3xb4lumz
28,9jnixy2b
28,2una9767
28,gs7j6fxo
28,o4njvi62
28,8t35z4gl
28,5t38x587
28,e357zmsj
28,0rbgbsj8
28,spqoikin
28,hrbeh0me
28,5xki1ulf
28,7l91ktd8
28,zdv0ilti
28,mmkrwj8t
28,a8vwwpas
28,us7cv8ly
28,zkz8e1vd
28,ju35nyir
28,3hgmuyn4
28,fuqtwn5a
28,1sbj2wzd
28,7wirya95
28,r4snyxr9
28,qe56u93a
28,7jhjlxtf
28,uo7fb10k
28,c0r2nbzo
28,axrv8zfg
28,1mpzjgk1
28,sbf9qi6g
28,ajbypz7g
28,y5gmlsi1
28,eu3rry7p
28,befehafo
28,mixxjvte
28,tnfgbl05
28,fzd4o4xd
28,8pny06oc
28,ix4zo0ha
28,iztm7luu
28,jtaz1gdp
28,m6y8p3zd
28,bqemz1eu
29,dhszlrmo
29,bwiyp73e
29,x1gces56
29,6u623i0w
29,jkjyh4cs
29,3xb4lumz
29,2una9767
29,gs7j6fxo
29,o4njvi62
29,8t35z4gl
29,5t38x587
29,0rbgbsj8
29,hrbeh0me
29,5xki1ulf
29,tpp40j0g
29,fxi8ss2s
29,7l91ktd8
29,zdv0ilti
29,a8vwwpas
29,us7cv8ly
29,zkz8e1vd
29,fuqtwn5a
29,1sbj2wzd
29,7wirya95
29,uo7fb10k
29,zdfx3zo3
29,1mpzjgk1
29,ajbypz7g
29,eu3rry7p
29,tnfgbl05
29,fzd4o4xd
29,8pny06oc
29,ix4zo0ha
29,m6y8p3zd
29,4j3fdjlg
29,4ncgdam4
29,8nl1gywe
29,01es0zv4
29,s19pa1z1
29,ztcyvsoi
29,rl3801n6
29,vb5qxq3u
29,5cbiytsu
29,00s3wgem
29,b518n9dx
29,mvsnybbo
29,z0m6uuzf
29,9tgnx7du
29,7e8zlt3t
29,x50tvq3a
30,dhszlrmo
30,yp4o3crk
30,bwiyp73e
30,x1gces56
30,6u623i0w
30,jkjyh4cs
30,3xb4lumz
30,2una9767
30,gs7j6fxo
30,o4njvi62
30,8t35z4gl
30,5t38x587
30,0rbgbsj8
30,hrbeh0me
30,5xki1ulf
30,bltjbxr0
30,7l91ktd8
30,zdv0ilti
30,d5vigcai
30,dmtb3icf
30,a8vwwpas
30,us7cv8ly
30,zkz8e1vd
30,fuqtwn5a
30,1sbj2wzd
30,7wirya95
30,uo7fb10k
30,1mpzjgk1
30,1pxacoi4
30,h180nsed
30,ajbypz7g
30,nlzdto1h
30,0ln9r2nq
30,eu3rry7p
30,tnfgbl05
30,fzd4o4xd
30,8pny06oc
30,ix4zo0ha
30,69nnyq8p
30,m6y8p3zd
30,4j3fdjlg
30,4ncgdam4
30,8nl1gywe
30,sr53cekh
30,s19pa1z1
30,ztcyvsoi
30,vb5qxq3u
30,5cbiytsu
30,00s3wgem
30,9fngwsh3
31,dhszlrmo
31,bwiyp73e
31,x1gces56
31,6u623i0w
31,jkjyh4cs
31,3xb4lumz
31,2una9767
31,gs7j6fxo
31,o4njvi62
31,8t35z4gl
31,5t38x587
31,0rbgbsj8
31,hrbeh0me
31,5xki1ulf
31,7l91ktd8
31,zdv0ilti
31,a8vwwpas
31,us7cv8ly
31,zkz8e1vd
31,fuqtwn5a
31,1sbj2wzd
31,7wirya95
31,uo7fb10k
31,1mpzjgk1
31,hsmfd4vd
31,ajbypz7g
31,eu3rry7p
31,tnfgbl05
31,fzd4o4xd
31,8pny06oc
31,ix4zo0ha
31,d25dph83
31,m6y8p3zd
31,4j3fdjlg
31,4ncgdam4
31,8nl1gywe
31,s19pa1z1
31,ztcyvsoi
31,vb5qxq3u
31,5cbiytsu
31,00s3wgem
31,mvsnybbo
31,z0m6uuzf
31,9tgnx7du
31,464qi674
31,5gnbrnt4
31,fk2wc715
31,xt6cq31n
31,3lgjo8e8
31,iat80b4l
32,dhszlrmo
32,bwiyp73e
32,x1gces56
32,6u623i0w
32,jkjyh4cs
32,3xb4lumz
32,2una9767
32,gs7j6fxo
32,o4njvi62
32,8t35z4gl
32,5t38x587
32,o6rwqnu2
32,0rbgbsj8
32,e4t19dza
32,1xf2sxtv
32,hrbeh0me
32,5xki1ulf
32,81wv1s33
32,7l91ktd8
32,zdv0ilti
32,a8vwwpas
32,us7cv8ly
32,zkz8e1vd
32,vbibyj32
32,fuqtwn5a
32,1sbj2wzd
32,7wirya95
32,xdpajuit
32,x6pmrskq
32,app590vw
32,4vkag60z
32,uo7fb10k
32,2o8u4eny
32,1mpzjgk1
32,ajbypz7g
32,erof9td3
32,oc0edgd2
32,eu3rry7p
32,tnfgbl05
32,fzd4o4xd
32,8pny06oc
32,ix4zo0ha
32,befehafo
32,ce89j82e
32,m6y8p3zd
32,kvgzxr4m
32,4j3fdjlg
32,4ncgdam4
32,8nl1gywe
32,i3f50lys
33,dhszlrmo
33,bwiyp73e
33,x1gces56
33,6u623i0w
33,jkjyh4cs
33,3xb4lumz
33,2una9767
33,gs7j6fxo
33,o4njvi62
33,8t35z4gl
33,5t38x587
33,0rbgbsj8
33,hrbeh0me
33,5xki1ulf
33,7l91ktd8
33,zdv0ilti
33,a8vwwpas
33,us7cv8ly
33,zkz8e1vd
33,qeqq3kwb
33,fuqtwn5a
33,1sbj2wzd
33,7wirya95
33,gd5btv69
33,uo7fb10k
33,1mpzjgk1
33,ajbypz7g
33,6g34qwer
33,eu3rry7p
33,tnfgbl05
33,fzd4o4xd
33,8pny06oc
33,ix4zo0ha
33,m6y8p3zd
33,4j3fdjlg
33,4ncgdam4
33,8nl1gywe
33,s19pa1z1
33,ztcyvsoi
33,jarnavwl
33,vb5qxq3u
33,5cbiytsu
33,00s3wgem
33,0is1vyhy
33,tylkbh4h
33,rc5nksxf
33,mvsnybbo
33,z0m6uuzf
33,u4di2tk7
33,9tgnx7du
34,dhszlrmo
34,bwiyp73e
34,x1gces56
34,6u623i0w
34,jkjyh4cs
34,3xb4lumz
34,2una9767
34,gs7j6fxo
34,o4njvi62
34,8t35z4gl
34,5t38x587
34,4j3fdjlg
34,o3b2yvbs
34,ztcyvsoi
34,5imbomop
34,z0m6uuzf
34,0rbgbsj8
34,hrbeh0me
34,5xki1ulf
34,o3sl2fbf
34,7l91ktd8
34,zdv0ilti
34,a8vwwpas
34,us7cv8ly
34,zkz8e1vd
34,notsmoi2
34,0m3pqj1y
34,fuqtwn5a
34,1sbj2wzd
34,7wirya95
34,wogw2q0c
34,3pqtmhob
34,uo7fb10k
34,33f94doo
34,1mpzjgk1
34,ajbypz7g
34,umqowine
34,pvwo4ppf
34,kweh1doo
34,eu3rry7p
34,shauvo3j
34,j40zj4al
34,tnfgbl05
34,fzd4o4xd
34,8pny06oc
34,ix4zo0ha
34,qwngx01h
34,z0bkpmpk
34,x93uyeys
34,m6y8p3zd
